name,cpu_milli,memory_mib,num_gpu,gpu_milli,gpu_spec,qos,pod_phase,creation_time,deletion_time,scheduled_time
openb-pod-0000,8000,32768,1,1000,A10,LS,Running,0,20,10
openb-pod-0001,16000,65536,0,0,,LS,Running,0,20,10
openb-pod-0002,32000,131072,1,500,A100,LS,Running,0,20,10
openb-pod-0003,8000,32768,1,1000,A10,LS,Running,0,20,10
openb-pod-0004,12000,65536,0,0,,LS,Running,0,20,10
openb-pod-0005,32000,131072,1,500,A100,LS,Running,0,20,10
openb-pod-0006,16000,65536,0,0,,LS,Running,0,20,10
openb-pod-0007,16000,65536,0,0,,LS,Running,0,20,10
openb-pod-0008,12000,65536,0,0,,LS,Running,0,20,10
openb-pod-0009,16000,32768,1,1000,A10,LS,Running,0,20,10
openb-pod-0010,8000,32768,1,1000,A10,LS,Running,0,20,10
openb-pod-0011,8000,12288,1,666,A10,LS,Running,0,20,10
openb-pod-0012,12000,65536,0,0,,LS,Running,0,20,10
openb-pod-0013,16000,65536,0,0,,LS,Running,0,20,10
openb-pod-0014,12000,65536,0,0,,LS,Running,0,20,10
openb-pod-0015,12000,65536,0,0,,LS,Running,0,20,10
openb-pod-0016,16000,40960,2,1000,A10,LS,Running,0,20,10
openb-pod-0017,16000,32768,1,1000,A10,LS,Running,0,20,10
openb-pod-0018,16000,40960,2,1000,A10,LS,Running,0,20,10
openb-pod-0019,12000,65536,0,0,,LS,Running,0,20,10
openb-pod-0020,32000,131072,1,500,A100,LS,Running,0,20,10
openb-pod-0021,32000,65536,4,1000,A10,LS,Running,0,20,10
openb-pod-0022,32000,131072,1,500,A100,LS,Running,0,20,10
openb-pod-0023,12000,65536,0,0,,LS,Running,0,20,10
openb-pod-0024,16000,65536,0,0,,LS,Running,0,20,10
openb-pod-0025,12000,65536,0,0,,LS,Running,0,20,10
openb-pod-0026,16000,32768,1,1000,A10,LS,Running,0,20,10
openb-pod-0027,8000,32768,1,1000,A10,LS,Running,0,20,10
openb-pod-0028,16000,32768,1,1000,A10,LS,Running,0,20,10
openb-pod-0029,32000,131072,1,500,A100,LS,Running,0,20,10
openb-pod-0030,16000,65536,0,0,,LS,Running,0,20,10
openb-pod-0031,12000,65536,0,0,,LS,Running,0,20,10
openb-pod-0032,12000,65536,0,0,,LS,Running,0,20,10
openb-pod-0033,16000,32768,1,1000,A10,LS,Running,0,20,10
openb-pod-0034,32000,131072,1,500,A100,LS,Running,0,20,10
openb-pod-0035,32000,131072,1,500,A100,LS,Running,0,20,10
openb-pod-0036,16000,65536,0,0,,LS,Running,0,20,10
openb-pod-0037,16000,32768,1,1000,A10,LS,Running,0,20,10
openb-pod-0038,12000,65536,0,0,,LS,Running,0,20,10
openb-pod-0039,8000,32768,1,1000,A10,LS,Running,0,20,10
openb-pod-0040,12000,65536,0,0,,LS,Running,0,20,10
openb-pod-0041,32000,131072,1,500,A100,LS,Running,0,20,10
openb-pod-0042,32000,131072,1,500,A100,LS,Running,0,20,10
openb-pod-0043,16000,32768,1,1000,A10,LS,Running,0,20,10
openb-pod-0044,32000,131072,1,500,A100,LS,Running,0,20,10
openb-pod-0045,32000,524288,2,1000,A100,LS,Running,0,20,10
openb-pod-0046,8000,32768,1,1000,A10,LS,Running,0,20,10
openb-pod-0047,16000,12288,1,666,A10,LS,Running,0,20,10
openb-pod-0048,16000,65536,0,0,,LS,Running,0,20,10
openb-pod-0049,12000,65536,0,0,,LS,Running,0,20,10
openb-pod-0050,16000,40960,2,1000,A10,LS,Running,0,20,10
openb-pod-0051,32000,131072,1,500,A100,LS,Running,0,20,10
openb-pod-0052,12000,65536,0,0,,LS,Running,0,20,10
openb-pod-0053,16000,40960,2,1000,A10,LS,Running,0,20,10
openb-pod-0054,16000,32768,1,1000,A10,LS,Running,0,20,10
openb-pod-0055,32000,65536,4,1000,A10,LS,Running,0,20,10
openb-pod-0056,16000,32768,1,1000,A10,LS,Running,0,20,10
openb-pod-0057,8000,32768,1,1000,A10,LS,Running,0,20,10
openb-pod-0058,16000,65536,0,0,,LS,Running,0,20,10
openb-pod-0059,8000,32768,1,1000,A10,LS,Running,0,20,10
openb-pod-0060,12000,65536,0,0,,LS,Running,0,20,10
openb-pod-0061,12000,65536,0,0,,LS,Running,0,20,10
openb-pod-0062,32000,40960,2,1000,A10,LS,Running,0,20,10
openb-pod-0063,8000,32768,1,1000,A10,LS,Running,0,20,10
openb-pod-0064,16000,65536,0,0,,LS,Running,0,20,10
openb-pod-0065,12000,65536,0,0,,LS,Running,0,20,10
openb-pod-0066,32000,65536,4,1000,A10,LS,Running,0,20,10
openb-pod-0067,16000,40960,2,1000,A10,LS,Running,0,20,10
openb-pod-0068,12000,65536,0,0,,LS,Running,0,20,10
openb-pod-0069,16000,65536,0,0,,LS,Running,0,20,10
openb-pod-0070,8000,32768,1,1000,A10,LS,Running,0,20,10
openb-pod-0071,16000,65536,0,0,,LS,Running,0,20,10
openb-pod-0072,8000,32768,1,1000,A10,LS,Running,0,20,10
openb-pod-0073,16000,40960,2,1000,A10,LS,Running,0,20,10
openb-pod-0074,32000,131072,1,500,A100,LS,Running,0,20,10
openb-pod-0075,16000,65536,0,0,,LS,Running,0,20,10
openb-pod-0076,8000,12288,1,666,A10,LS,Running,0,20,10
openb-pod-0077,8000,32768,1,1000,A10,LS,Running,0,20,10
openb-pod-0078,32000,131072,1,500,A100,LS,Running,0,20,10
openb-pod-0079,32000,131072,1,500,A100,LS,Running,0,20,10
openb-pod-0080,16000,65536,0,0,,LS,Running,0,20,10
openb-pod-0081,32000,65536,4,1000,A10,LS,Running,0,20,10
openb-pod-0082,32000,131072,1,500,A100,LS,Running,0,20,10
openb-pod-0083,32000,131072,1,500,A100,LS,Running,0,20,10
openb-pod-0084,32000,131072,1,500,A100,LS,Running,0,20,10
openb-pod-0085,32000,131072,1,500,A100,LS,Running,0,20,10
openb-pod-0086,16000,65536,0,0,,LS,Running,0,20,10
openb-pod-0087,16000,32768,1,1000,A10,LS,Running,0,20,10
openb-pod-0088,16000,32768,1,1000,A10,LS,Running,0,20,10
openb-pod-0089,8000,12288,1,666,A10,LS,Running,0,20,10
openb-pod-0090,16000,32768,1,1000,A10,LS,Running,0,20,10
openb-pod-0091,32000,524288,2,1000,A100,LS,Running,0,20,10
openb-pod-0092,16000,65536,0,0,,LS,Running,0,20,10
openb-pod-0093,12000,65536,0,0,,LS,Running,0,20,10
openb-pod-0094,16000,65536,0,0,,LS,Running,0,20,10
openb-pod-0095,32000,131072,1,500,A100,LS,Running,0,20,10
openb-pod-0096,32000,524288,2,1000,A100,LS,Running,0,20,10
openb-pod-0097,12000,65536,0,0,,LS,Running,0,20,10
openb-pod-0098,8000,32768,1,1000,A10,LS,Running,0,20,10
openb-pod-0099,32000,524288,2,1000,A100,LS,Running,0,20,10
openb-pod-0100,32000,131072,1,500,A100,LS,Running,0,20,10
openb-pod-0101,16000,65536,0,0,,LS,Running,0,20,10
openb-pod-0102,32000,131072,1,500,A100,LS,Running,0,20,10
openb-pod-0103,8000,12288,1,666,A10,LS,Running,0,20,10
openb-pod-0104,8000,32768,1,1000,A10,LS,Running,0,20,10
openb-pod-0105,12000,65536,0,0,,LS,Running,0,20,10
openb-pod-0106,12000,65536,0,0,,LS,Running,0,20,10
openb-pod-0107,32000,131072,1,500,A100,LS,Running,0,20,10
openb-pod-0108,12000,65536,0,0,,LS,Running,0,20,10
openb-pod-0109,16000,32768,1,1000,A10,LS,Running,0,20,10
openb-pod-0110,8000,32768,1,1000,A10,LS,Running,0,20,10
openb-pod-0111,12000,65536,0,0,,LS,Running,0,20,10
openb-pod-0112,16000,32768,1,1000,A10,LS,Running,0,20,10
openb-pod-0113,8000,32768,1,1000,A10,LS,Running,0,20,10
openb-pod-0114,16000,40960,2,1000,A10,LS,Running,0,20,10
openb-pod-0115,32000,131072,1,500,A100,LS,Running,0,20,10
openb-pod-0116,12000,65536,0,0,,LS,Running,0,20,10
openb-pod-0117,32000,524288,2,1000,A100,LS,Running,0,20,10
openb-pod-0118,12000,65536,0,0,,LS,Running,0,20,10
openb-pod-0119,8000,32768,1,1000,A10,LS,Running,0,20,10
openb-pod-0120,32000,131072,1,500,A100,LS,Running,0,20,10
openb-pod-0121,16000,65536,0,0,,LS,Running,0,20,10
openb-pod-0122,16000,40960,2,1000,A10,LS,Running,0,20,10
openb-pod-0123,16000,32768,1,1000,A10,LS,Running,0,20,10
openb-pod-0124,32000,65536,4,1000,A10,LS,Running,0,20,10
openb-pod-0125,16000,65536,0,0,,LS,Running,0,20,10
openb-pod-0126,8000,32768,1,1000,A10,LS,Running,0,20,10
openb-pod-0127,16000,32768,1,1000,A10,LS,Running,0,20,10
openb-pod-0128,12000,65536,0,0,,LS,Running,0,20,10
openb-pod-0129,16000,32768,1,1000,A10,LS,Running,0,20,10
openb-pod-0130,8000,32768,1,1000,A10,LS,Running,0,20,10
openb-pod-0131,8000,32768,1,1000,A10,LS,Running,0,20,10
openb-pod-0132,8000,32768,1,1000,A10,LS,Running,0,20,10
openb-pod-0133,12000,65536,0,0,,LS,Running,0,20,10
openb-pod-0134,32000,524288,2,1000,A100,LS,Running,0,20,10
openb-pod-0135,32000,65536,4,1000,A10,LS,Running,0,20,10
openb-pod-0136,16000,32768,1,1000,A10,LS,Running,0,20,10
openb-pod-0137,8000,12288,1,666,A10,LS,Running,0,20,10
openb-pod-0138,16000,40960,2,1000,A10,LS,Running,0,20,10
openb-pod-0139,32000,65536,4,1000,A10,LS,Running,0,20,10
openb-pod-0140,32000,65536,4,1000,A10,LS,Running,0,20,10
openb-pod-0141,16000,32768,1,1000,A10,LS,Running,0,20,10
openb-pod-0142,16000,32768,1,1000,A10,LS,Running,0,20,10
openb-pod-0143,12000,65536,0,0,,LS,Running,0,20,10
openb-pod-0144,32000,131072,1,500,A100,LS,Running,0,20,10
openb-pod-0145,16000,32768,1,1000,A10,LS,Running,0,20,10
openb-pod-0146,12000,65536,0,0,,LS,Running,0,20,10
openb-pod-0147,16000,40960,2,1000,A10,LS,Running,0,20,10
openb-pod-0148,8000,32768,1,1000,A10,LS,Running,0,20,10
openb-pod-0149,16000,32768,1,1000,A10,LS,Running,0,20,10
openb-pod-0150,16000,40960,2,1000,A10,LS,Running,0,20,10
openb-pod-0151,32000,131072,1,500,A100,LS,Running,0,20,10
openb-pod-0152,16000,32768,1,1000,A10,LS,Running,0,20,10
openb-pod-0153,16000,32768,1,1000,A10,LS,Running,0,20,10
openb-pod-0154,16000,65536,0,0,,LS,Running,0,20,10
openb-pod-0155,8000,32768,1,1000,A10,LS,Running,0,20,10
openb-pod-0156,12000,65536,0,0,,LS,Running,0,20,10
openb-pod-0157,32000,131072,1,500,A100,LS,Running,0,20,10
openb-pod-0158,32000,131072,1,500,A100,LS,Running,0,20,10
openb-pod-0159,32000,131072,1,500,A100,LS,Running,0,20,10
openb-pod-0160,32000,65536,4,1000,A10,LS,Running,0,20,10
openb-pod-0161,16000,40960,2,1000,A10,LS,Running,0,20,10
openb-pod-0162,32000,131072,1,500,A100,LS,Running,0,20,10
openb-pod-0163,16000,65536,0,0,,LS,Running,0,20,10
openb-pod-0164,16000,32768,1,1000,A10,LS,Running,0,20,10
openb-pod-0165,32000,131072,1,500,A100,LS,Running,0,20,10
openb-pod-0166,16000,40960,2,1000,A10,LS,Running,0,20,10
openb-pod-0167,8000,32768,1,1000,A10,LS,Running,0,20,10
openb-pod-0168,32000,131072,1,500,A100,LS,Running,0,20,10
openb-pod-0169,16000,32768,1,1000,A10,LS,Running,0,20,10
openb-pod-0170,16000,32768,1,1000,A10,LS,Running,0,20,10
openb-pod-0171,12000,65536,0,0,,LS,Running,0,20,10
openb-pod-0172,16000,65536,0,0,,LS,Running,0,20,10
openb-pod-0173,32000,65536,4,1000,A10,LS,Running,0,20,10
openb-pod-0174,12000,65536,0,0,,LS,Running,0,20,10
openb-pod-0175,32000,65536,4,1000,A10,LS,Running,0,20,10
openb-pod-0176,8000,32768,1,1000,A10,LS,Running,0,20,10
openb-pod-0177,12000,65536,0,0,,LS,Running,0,20,10
openb-pod-0178,16000,40960,2,1000,A10,LS,Running,0,20,10
openb-pod-0179,32000,131072,1,500,A100,LS,Running,0,20,10
openb-pod-0180,16000,65536,0,0,,LS,Running,0,20,10
openb-pod-0181,16000,32768,1,1000,A10,LS,Running,0,20,10
openb-pod-0182,32000,65536,4,1000,A10,LS,Running,0,20,10
openb-pod-0183,32000,131072,1,500,A100,LS,Running,0,20,10
openb-pod-0184,32000,131072,1,500,A100,LS,Running,0,20,10
openb-pod-0185,8000,32768,1,1000,A10,LS,Running,0,20,10
openb-pod-0186,16000,65536,0,0,,LS,Running,0,20,10
openb-pod-0187,32000,131072,1,500,A100,LS,Running,0,20,10
openb-pod-0188,16000,32768,1,1000,A10,LS,Running,0,20,10
openb-pod-0189,12000,65536,0,0,,LS,Running,0,20,10
openb-pod-0190,16000,32768,1,1000,A10,LS,Running,0,20,10
openb-pod-0191,16000,65536,0,0,,LS,Running,0,20,10
openb-pod-0192,8000,32768,1,1000,A10,LS,Running,0,20,10
openb-pod-0193,12000,65536,0,0,,LS,Running,0,20,10
openb-pod-0194,32000,131072,1,500,A100,LS,Running,0,20,10
openb-pod-0195,16000,65536,0,0,,LS,Running,0,20,10
openb-pod-0196,16000,40960,2,1000,A10,LS,Running,0,20,10
openb-pod-0197,8000,32768,1,1000,A10,LS,Running,0,20,10
openb-pod-0198,32000,131072,1,500,A100,LS,Running,0,20,10
openb-pod-0199,32000,40960,2,1000,A10,LS,Running,0,20,10
openb-pod-0200,8000,32768,1,1000,A10,LS,Running,0,20,10
openb-pod-0201,32000,131072,1,500,A100,LS,Running,0,20,10
openb-pod-0202,16000,65536,0,0,,LS,Running,0,20,10
openb-pod-0203,32000,65536,4,1000,A10,LS,Running,0,20,10
openb-pod-0204,12000,65536,0,0,,LS,Running,0,20,10
openb-pod-0205,12000,65536,0,0,,LS,Running,0,20,10
openb-pod-0206,32000,40960,2,1000,A10,LS,Running,0,20,10
openb-pod-0207,8000,32768,1,1000,A10,LS,Running,0,20,10
openb-pod-0208,12000,65536,0,0,,LS,Running,0,20,10
openb-pod-0209,16000,65536,0,0,,LS,Running,0,20,10
openb-pod-0210,8000,32768,1,1000,A10,LS,Running,0,20,10
openb-pod-0211,16000,65536,0,0,,LS,Running,0,20,10
openb-pod-0212,16000,65536,0,0,,LS,Running,0,20,10
openb-pod-0213,32000,131072,1,500,A100,LS,Running,0,20,10
openb-pod-0214,32000,131072,1,500,A100,LS,Running,0,20,10
openb-pod-0215,16000,65536,0,0,,LS,Running,0,20,10
openb-pod-0216,8000,32768,1,1000,A10,LS,Running,0,20,10
openb-pod-0217,12000,65536,0,0,,LS,Running,0,20,10
openb-pod-0218,16000,65536,0,0,,LS,Running,0,20,10
openb-pod-0219,16000,32768,1,1000,A10,LS,Running,0,20,10
openb-pod-0220,8000,32768,1,1000,A10,LS,Running,0,20,10
openb-pod-0221,32000,131072,1,500,A100,LS,Running,0,20,10
openb-pod-0222,32000,524288,2,1000,A100,LS,Running,0,20,10
openb-pod-0223,16000,40960,2,1000,A10,LS,Running,0,20,10
openb-pod-0224,16000,32768,1,1000,A10,LS,Running,0,20,10
openb-pod-0225,8000,32768,1,1000,A10,LS,Running,0,20,10
openb-pod-0226,8000,32768,1,1000,A10,LS,Running,0,20,10
openb-pod-0227,16000,12288,1,666,A10,LS,Running,0,20,10
openb-pod-0228,32000,131072,1,500,A100,LS,Running,0,20,10
openb-pod-0229,12000,65536,0,0,,LS,Running,0,20,10
openb-pod-0230,32000,65536,4,1000,A10,LS,Running,0,20,10
openb-pod-0231,16000,65536,0,0,,LS,Running,0,20,10
openb-pod-0232,16000,65536,0,0,,LS,Running,0,20,10
openb-pod-0233,16000,65536,0,0,,LS,Running,0,20,10
openb-pod-0234,16000,65536,0,0,,LS,Running,0,20,10
openb-pod-0235,16000,40960,2,1000,A10,LS,Running,0,20,10
openb-pod-0236,8000,12288,1,666,A10,LS,Running,0,20,10
openb-pod-0237,8000,32768,1,1000,A10,LS,Running,0,20,10
openb-pod-0238,16000,65536,0,0,,LS,Running,0,20,10
openb-pod-0239,32000,131072,1,500,A100,LS,Running,0,20,10
openb-pod-0240,12000,65536,0,0,,LS,Running,0,20,10
openb-pod-0241,12000,65536,0,0,,LS,Running,0,20,10
openb-pod-0242,32000,131072,1,500,A100,LS,Running,0,20,10
openb-pod-0243,8000,32768,1,1000,A10,LS,Running,0,20,10
openb-pod-0244,12000,65536,0,0,,LS,Running,0,20,10
openb-pod-0245,12000,65536,0,0,,LS,Running,0,20,10
openb-pod-0246,32000,131072,1,500,A100,LS,Running,0,20,10
openb-pod-0247,16000,12288,1,666,A10,LS,Running,0,20,10
openb-pod-0248,12000,65536,0,0,,LS,Running,0,20,10
openb-pod-0249,16000,32768,1,1000,A10,LS,Running,0,20,10
openb-pod-0250,16000,65536,0,0,,LS,Running,0,20,10
openb-pod-0251,12000,65536,0,0,,LS,Running,0,20,10
openb-pod-0252,32000,131072,1,500,A100,LS,Running,0,20,10
openb-pod-0253,16000,65536,0,0,,LS,Running,0,20,10
openb-pod-0254,16000,32768,1,1000,A10,LS,Running,0,20,10
openb-pod-0255,16000,32768,1,1000,A10,LS,Running,0,20,10
openb-pod-0256,12000,65536,0,0,,LS,Running,0,20,10
openb-pod-0257,12000,65536,0,0,,LS,Running,0,20,10
openb-pod-0258,16000,65536,0,0,,LS,Running,0,20,10
openb-pod-0259,16000,32768,1,1000,A10,LS,Running,0,20,10
openb-pod-0260,8000,32768,1,1000,A10,LS,Running,0,20,10
openb-pod-0261,16000,65536,0,0,,LS,Running,0,20,10
openb-pod-0262,12000,65536,0,0,,LS,Running,0,20,10
openb-pod-0263,16000,65536,0,0,,LS,Running,0,20,10
openb-pod-0264,8000,32768,1,1000,A10,LS,Running,0,20,10
openb-pod-0265,16000,32768,1,1000,A10,LS,Running,0,20,10
openb-pod-0266,32000,40960,2,1000,A10,LS,Running,0,20,10
openb-pod-0267,12000,65536,0,0,,LS,Running,0,20,10
openb-pod-0268,16000,32768,1,1000,A10,LS,Running,0,20,10
openb-pod-0269,12000,65536,0,0,,LS,Running,0,20,10
openb-pod-0270,12000,65536,0,0,,LS,Running,0,20,10
openb-pod-0271,8000,32768,1,1000,A10,LS,Running,0,20,10
openb-pod-0272,32000,131072,1,500,A100,LS,Running,0,20,10
openb-pod-0273,32000,131072,1,500,A100,LS,Running,0,20,10
openb-pod-0274,32000,131072,1,500,A100,LS,Running,0,20,10
openb-pod-0275,16000,12288,1,666,A10,LS,Running,0,20,10
openb-pod-0276,12000,65536,0,0,,LS,Running,0,20,10
openb-pod-0277,16000,32768,1,1000,A10,LS,Running,0,20,10
openb-pod-0278,32000,65536,4,1000,A10,LS,Running,0,20,10
openb-pod-0279,8000,32768,1,1000,A10,LS,Running,0,20,10
openb-pod-0280,16000,65536,0,0,,LS,Running,0,20,10
openb-pod-0281,32000,65536,4,1000,A10,LS,Running,0,20,10
openb-pod-0282,8000,32768,1,1000,A10,LS,Running,0,20,10
openb-pod-0283,16000,32768,1,1000,A10,LS,Running,0,20,10
openb-pod-0284,8000,32768,1,1000,A10,LS,Running,0,20,10
openb-pod-0285,8000,12288,1,666,A10,LS,Running,0,20,10
openb-pod-0286,8000,32768,1,1000,A10,LS,Running,0,20,10
openb-pod-0287,32000,65536,4,1000,A10,LS,Running,0,20,10
openb-pod-0288,16000,32768,1,1000,A10,LS,Running,0,20,10
openb-pod-0289,8000,32768,1,1000,A10,LS,Running,0,20,10
openb-pod-0290,32000,131072,1,500,A100,LS,Running,0,20,10
openb-pod-0291,16000,32768,1,1000,A10,LS,Running,0,20,10
openb-pod-0292,16000,32768,1,1000,A10,LS,Running,0,20,10
openb-pod-0293,16000,65536,0,0,,LS,Running,0,20,10
openb-pod-0294,8000,32768,1,1000,A10,LS,Running,0,20,10
openb-pod-0295,12000,65536,0,0,,LS,Running,0,20,10
openb-pod-0296,16000,65536,0,0,,LS,Running,0,20,10
openb-pod-0297,32000,131072,1,500,A100,LS,Running,0,20,10
openb-pod-0298,16000,32768,1,1000,A10,LS,Running,0,20,10
openb-pod-0299,8000,32768,1,1000,A10,LS,Running,0,20,10
openb-pod-0300,12000,65536,0,0,,LS,Running,0,20,10
openb-pod-0301,16000,65536,0,0,,LS,Running,0,20,10
openb-pod-0302,32000,131072,1,500,A100,LS,Running,0,20,10
openb-pod-0303,16000,65536,0,0,,LS,Running,0,20,10
openb-pod-0304,12000,65536,0,0,,LS,Running,0,20,10
openb-pod-0305,12000,65536,0,0,,LS,Running,0,20,10
openb-pod-0306,16000,40960,2,1000,A10,LS,Running,0,20,10
openb-pod-0307,32000,131072,1,500,A100,LS,Running,0,20,10
openb-pod-0308,16000,40960,2,1000,A10,LS,Running,0,20,10
openb-pod-0309,16000,65536,0,0,,LS,Running,0,20,10
openb-pod-0310,32000,65536,4,1000,A10,LS,Running,0,20,10
openb-pod-0311,8000,32768,1,1000,A10,LS,Running,0,20,10
openb-pod-0312,16000,65536,0,0,,LS,Running,0,20,10
openb-pod-0313,12000,65536,0,0,,LS,Running,0,20,10
openb-pod-0314,8000,12288,1,666,A10,LS,Running,0,20,10
openb-pod-0315,32000,131072,1,500,A100,LS,Running,0,20,10
openb-pod-0316,8000,32768,1,1000,A10,LS,Running,0,20,10
openb-pod-0317,32000,65536,4,1000,A10,LS,Running,0,20,10
openb-pod-0318,16000,65536,0,0,,LS,Running,0,20,10
openb-pod-0319,16000,32768,1,1000,A10,LS,Running,0,20,10
openb-pod-0320,32000,65536,4,1000,A10,LS,Running,0,20,10
openb-pod-0321,8000,32768,1,1000,A10,LS,Running,0,20,10
openb-pod-0322,32000,65536,4,1000,A10,LS,Running,0,20,10
openb-pod-0323,8000,32768,1,1000,A10,LS,Running,0,20,10
openb-pod-0324,16000,65536,0,0,,LS,Running,0,20,10
openb-pod-0325,32000,131072,1,500,A100,LS,Running,0,20,10
openb-pod-0326,16000,65536,0,0,,LS,Running,0,20,10
openb-pod-0327,16000,32768,1,1000,A10,LS,Running,0,20,10
openb-pod-0328,16000,65536,0,0,,LS,Running,0,20,10
openb-pod-0329,16000,32768,1,1000,A10,LS,Running,0,20,10
openb-pod-0330,16000,32768,1,1000,A10,LS,Running,0,20,10
openb-pod-0331,16000,65536,0,0,,LS,Running,0,20,10
openb-pod-0332,32000,65536,4,1000,A10,LS,Running,0,20,10
openb-pod-0333,12000,65536,0,0,,LS,Running,0,20,10
openb-pod-0334,12000,65536,0,0,,LS,Running,0,20,10
openb-pod-0335,16000,32768,1,1000,A10,LS,Running,0,20,10
openb-pod-0336,8000,32768,1,1000,A10,LS,Running,0,20,10
openb-pod-0337,32000,131072,1,500,A100,LS,Running,0,20,10
openb-pod-0338,32000,524288,2,1000,A100,LS,Running,0,20,10
openb-pod-0339,32000,131072,1,500,A100,LS,Running,0,20,10
openb-pod-0340,32000,65536,4,1000,A10,LS,Running,0,20,10
openb-pod-0341,16000,32768,1,1000,A10,LS,Running,0,20,10
openb-pod-0342,32000,131072,1,500,A100,LS,Running,0,20,10
openb-pod-0343,32000,131072,1,500,A100,LS,Running,0,20,10
openb-pod-0344,32000,131072,1,500,A100,LS,Running,0,20,10
openb-pod-0345,12000,65536,0,0,,LS,Running,0,20,10
openb-pod-0346,8000,32768,1,1000,A10,LS,Running,0,20,10
openb-pod-0347,16000,65536,0,0,,LS,Running,0,20,10
openb-pod-0348,32000,131072,1,500,A100,LS,Running,0,20,10
openb-pod-0349,32000,524288,2,1000,A100,LS,Running,0,20,10
openb-pod-0350,16000,65536,0,0,,LS,Running,0,20,10
openb-pod-0351,8000,32768,1,1000,A10,LS,Running,0,20,10
openb-pod-0352,16000,65536,0,0,,LS,Running,0,20,10
openb-pod-0353,32000,131072,1,500,A100,LS,Running,0,20,10
openb-pod-0354,16000,32768,1,1000,A10,LS,Running,0,20,10
openb-pod-0355,12000,65536,0,0,,LS,Running,0,20,10
openb-pod-0356,32000,131072,1,500,A100,LS,Running,0,20,10
openb-pod-0357,16000,32768,1,1000,A10,LS,Running,0,20,10
openb-pod-0358,12000,65536,0,0,,LS,Running,0,20,10
openb-pod-0359,16000,32768,1,1000,A10,LS,Running,0,20,10
openb-pod-0360,8000,32768,1,1000,A10,LS,Running,0,20,10
openb-pod-0361,8000,32768,1,1000,A10,LS,Running,0,20,10
openb-pod-0362,16000,32768,1,1000,A10,LS,Running,0,20,10
openb-pod-0363,16000,65536,0,0,,LS,Running,0,20,10
openb-pod-0364,32000,524288,2,1000,A100,LS,Running,0,20,10
openb-pod-0365,12000,65536,0,0,,LS,Running,0,20,10
openb-pod-0366,32000,131072,1,500,A100,LS,Running,0,20,10
openb-pod-0367,8000,12288,1,666,A10,LS,Running,0,20,10
openb-pod-0368,12000,65536,0,0,,LS,Running,0,20,10
openb-pod-0369,12000,65536,0,0,,LS,Running,0,20,10
openb-pod-0370,12000,65536,0,0,,LS,Running,0,20,10
openb-pod-0371,16000,65536,0,0,,LS,Running,0,20,10
openb-pod-0372,16000,32768,1,1000,A10,LS,Running,0,20,10
openb-pod-0373,16000,65536,0,0,,LS,Running,0,20,10
openb-pod-0374,32000,65536,4,1000,A10,LS,Running,0,20,10
openb-pod-0375,16000,40960,2,1000,A10,LS,Running,0,20,10
openb-pod-0376,16000,65536,0,0,,LS,Running,0,20,10
openb-pod-0377,32000,40960,2,1000,A10,LS,Running,0,20,10
openb-pod-0378,12000,65536,0,0,,LS,Running,0,20,10
openb-pod-0379,16000,65536,0,0,,LS,Running,0,20,10
openb-pod-0380,16000,32768,1,1000,A10,LS,Running,0,20,10
openb-pod-0381,8000,32768,1,1000,A10,LS,Running,0,20,10
openb-pod-0382,8000,32768,1,1000,A10,LS,Running,0,20,10
openb-pod-0383,8000,12288,1,666,A10,LS,Running,0,20,10
openb-pod-0384,16000,32768,1,1000,A10,LS,Running,0,20,10
openb-pod-0385,8000,32768,1,1000,A10,LS,Running,0,20,10
openb-pod-0386,32000,40960,2,1000,A10,LS,Running,0,20,10
openb-pod-0387,32000,65536,4,1000,A10,LS,Running,0,20,10
openb-pod-0388,16000,12288,1,666,A10,LS,Running,0,20,10
openb-pod-0389,8000,32768,1,1000,A10,LS,Running,0,20,10
openb-pod-0390,16000,65536,0,0,,LS,Running,0,20,10
openb-pod-0391,32000,131072,1,500,A100,LS,Running,0,20,10
openb-pod-0392,8000,32768,1,1000,A10,LS,Running,0,20,10
openb-pod-0393,32000,65536,4,1000,A10,LS,Running,0,20,10
openb-pod-0394,16000,32768,1,1000,A10,LS,Running,0,20,10
openb-pod-0395,32000,131072,1,500,A100,LS,Running,0,20,10
openb-pod-0396,16000,32768,1,1000,A10,LS,Running,0,20,10
openb-pod-0397,16000,40960,2,1000,A10,LS,Running,0,20,10
openb-pod-0398,16000,65536,0,0,,LS,Running,0,20,10
openb-pod-0399,32000,131072,1,500,A100,LS,Running,0,20,10
openb-pod-0400,12000,65536,0,0,,LS,Running,0,20,10
openb-pod-0401,32000,131072,1,500,A100,LS,Running,0,20,10
openb-pod-0402,12000,65536,0,0,,LS,Running,0,20,10
openb-pod-0403,8000,12288,1,666,A10,LS,Running,0,20,10
openb-pod-0404,16000,32768,1,1000,A10,LS,Running,0,20,10
openb-pod-0405,32000,131072,1,500,A100,LS,Running,0,20,10
openb-pod-0406,12000,65536,0,0,,LS,Running,0,20,10
openb-pod-0407,16000,32768,1,1000,A10,LS,Running,0,20,10
openb-pod-0408,16000,65536,0,0,,LS,Running,0,20,10
openb-pod-0409,32000,524288,2,1000,A100,LS,Running,0,20,10
openb-pod-0410,16000,65536,0,0,,LS,Running,0,20,10
openb-pod-0411,8000,12288,1,666,A10,LS,Running,0,20,10
openb-pod-0412,8000,32768,1,1000,A10,LS,Running,0,20,10
openb-pod-0413,32000,131072,1,500,A100,LS,Running,0,20,10
openb-pod-0414,16000,65536,0,0,,LS,Running,0,20,10
openb-pod-0415,32000,131072,1,500,A100,LS,Running,0,20,10
openb-pod-0416,32000,65536,4,1000,A10,LS,Running,0,20,10
openb-pod-0417,16000,65536,0,0,,LS,Running,0,20,10
openb-pod-0418,12000,65536,0,0,,LS,Running,0,20,10
openb-pod-0419,16000,32768,1,1000,A10,LS,Running,0,20,10
openb-pod-0420,8000,32768,1,1000,A10,LS,Running,0,20,10
openb-pod-0421,8000,32768,1,1000,A10,LS,Running,0,20,10
openb-pod-0422,8000,12288,1,666,A10,LS,Running,0,20,10
openb-pod-0423,32000,131072,1,500,A100,LS,Running,0,20,10
openb-pod-0424,32000,524288,2,1000,A100,LS,Running,0,20,10
openb-pod-0425,16000,65536,0,0,,LS,Running,0,20,10
openb-pod-0426,32000,131072,1,500,A100,LS,Running,0,20,10
openb-pod-0427,32000,131072,1,500,A100,LS,Running,0,20,10
openb-pod-0428,16000,32768,1,1000,A10,LS,Running,0,20,10
openb-pod-0429,16000,32768,1,1000,A10,LS,Running,0,20,10
openb-pod-0430,8000,32768,1,1000,A10,LS,Running,0,20,10
openb-pod-0431,16000,65536,0,0,,LS,Running,0,20,10
openb-pod-0432,32000,524288,2,1000,A100,LS,Running,0,20,10
openb-pod-0433,32000,131072,1,500,A100,LS,Running,0,20,10
openb-pod-0434,32000,131072,1,500,A100,LS,Running,0,20,10
openb-pod-0435,16000,65536,0,0,,LS,Running,0,20,10
openb-pod-0436,8000,32768,1,1000,A10,LS,Running,0,20,10
openb-pod-0437,8000,32768,1,1000,A10,LS,Running,0,20,10
openb-pod-0438,12000,65536,0,0,,LS,Running,0,20,10
openb-pod-0439,16000,65536,0,0,,LS,Running,0,20,10
openb-pod-0440,32000,65536,4,1000,A10,LS,Running,0,20,10
openb-pod-0441,8000,32768,1,1000,A10,LS,Running,0,20,10
openb-pod-0442,32000,131072,1,500,A100,LS,Running,0,20,10
openb-pod-0443,32000,65536,4,1000,A10,LS,Running,0,20,10
openb-pod-0444,12000,65536,0,0,,LS,Running,0,20,10
openb-pod-0445,32000,131072,1,500,A100,LS,Running,0,20,10
openb-pod-0446,16000,32768,1,1000,A10,LS,Running,0,20,10
openb-pod-0447,16000,32768,1,1000,A10,LS,Running,0,20,10
openb-pod-0448,16000,65536,0,0,,LS,Running,0,20,10
openb-pod-0449,32000,131072,1,500,A100,LS,Running,0,20,10
openb-pod-0450,16000,12288,1,666,A10,LS,Running,0,20,10
openb-pod-0451,16000,32768,1,1000,A10,LS,Running,0,20,10
openb-pod-0452,32000,131072,1,500,A100,LS,Running,0,20,10
openb-pod-0453,16000,40960,2,1000,A10,LS,Running,0,20,10
openb-pod-0454,16000,65536,0,0,,LS,Running,0,20,10
openb-pod-0455,32000,131072,1,500,A100,LS,Running,0,20,10
openb-pod-0456,32000,131072,1,500,A100,LS,Running,0,20,10
openb-pod-0457,12000,65536,0,0,,LS,Running,0,20,10
openb-pod-0458,12000,65536,0,0,,LS,Running,0,20,10
openb-pod-0459,12000,65536,0,0,,LS,Running,0,20,10
openb-pod-0460,32000,524288,2,1000,A100,LS,Running,0,20,10
openb-pod-0461,32000,40960,2,1000,A10,LS,Running,0,20,10
openb-pod-0462,8000,32768,1,1000,A10,LS,Running,0,20,10
openb-pod-0463,16000,32768,1,1000,A10,LS,Running,0,20,10
openb-pod-0464,32000,131072,1,500,A100,LS,Running,0,20,10
openb-pod-0465,12000,65536,0,0,,LS,Running,0,20,10
openb-pod-0466,12000,65536,0,0,,LS,Running,0,20,10
openb-pod-0467,16000,65536,0,0,,LS,Running,0,20,10
openb-pod-0468,16000,65536,0,0,,LS,Running,0,20,10
openb-pod-0469,12000,65536,0,0,,LS,Running,0,20,10
openb-pod-0470,16000,65536,0,0,,LS,Running,0,20,10
openb-pod-0471,16000,32768,1,1000,A10,LS,Running,0,20,10
openb-pod-0472,8000,32768,1,1000,A10,LS,Running,0,20,10
openb-pod-0473,16000,40960,2,1000,A10,LS,Running,0,20,10
openb-pod-0474,16000,32768,1,1000,A10,LS,Running,0,20,10
openb-pod-0475,16000,65536,0,0,,LS,Running,0,20,10
openb-pod-0476,32000,524288,2,1000,A100,LS,Running,0,20,10
openb-pod-0477,16000,32768,1,1000,A10,LS,Running,0,20,10
openb-pod-0478,12000,65536,0,0,,LS,Running,0,20,10
openb-pod-0479,12000,65536,0,0,,LS,Running,0,20,10
openb-pod-0480,8000,12288,1,666,A10,LS,Running,0,20,10
openb-pod-0481,16000,65536,0,0,,LS,Running,0,20,10
openb-pod-0482,8000,12288,1,666,A10,LS,Running,0,20,10
openb-pod-0483,12000,65536,0,0,,LS,Running,0,20,10
openb-pod-0484,32000,131072,1,500,A100,LS,Running,0,20,10
openb-pod-0485,8000,32768,1,1000,A10,LS,Running,0,20,10
openb-pod-0486,16000,12288,1,666,A10,LS,Running,0,20,10
openb-pod-0487,16000,32768,1,1000,A10,LS,Running,0,20,10
openb-pod-0488,12000,65536,0,0,,LS,Running,0,20,10
openb-pod-0489,16000,65536,0,0,,LS,Running,0,20,10
openb-pod-0490,8000,32768,1,1000,A10,LS,Running,0,20,10
openb-pod-0491,12000,65536,0,0,,LS,Running,0,20,10
openb-pod-0492,12000,65536,0,0,,LS,Running,0,20,10
openb-pod-0493,16000,65536,0,0,,LS,Running,0,20,10
openb-pod-0494,8000,32768,1,1000,A10,LS,Running,0,20,10
openb-pod-0495,32000,131072,1,500,A100,LS,Running,0,20,10
openb-pod-0496,32000,131072,1,500,A100,LS,Running,0,20,10
openb-pod-0497,16000,32768,1,1000,A10,LS,Running,0,20,10
openb-pod-0498,16000,32768,1,1000,A10,LS,Running,0,20,10
openb-pod-0499,12000,65536,0,0,,LS,Running,0,20,10
openb-pod-0500,16000,65536,0,0,,LS,Running,0,20,10
openb-pod-0501,12000,65536,0,0,,LS,Running,0,20,10
openb-pod-0502,16000,32768,1,1000,A10,LS,Running,0,20,10
openb-pod-0503,32000,65536,4,1000,A10,LS,Running,0,20,10
openb-pod-0504,16000,65536,0,0,,LS,Running,0,20,10
openb-pod-0505,12000,65536,0,0,,LS,Running,0,20,10
openb-pod-0506,8000,32768,1,1000,A10,LS,Running,0,20,10
openb-pod-0507,8000,32768,1,1000,A10,LS,Running,0,20,10
openb-pod-0508,8000,32768,1,1000,A10,LS,Running,0,20,10
openb-pod-0509,8000,32768,1,1000,A10,LS,Running,0,20,10
openb-pod-0510,32000,131072,1,500,A100,LS,Running,0,20,10
openb-pod-0511,12000,65536,0,0,,LS,Running,0,20,10
openb-pod-0512,16000,65536,0,0,,LS,Running,0,20,10
openb-pod-0513,16000,65536,0,0,,LS,Running,0,20,10
openb-pod-0514,32000,65536,4,1000,A10,LS,Running,0,20,10
openb-pod-0515,16000,32768,1,1000,A10,LS,Running,0,20,10
openb-pod-0516,16000,65536,0,0,,LS,Running,0,20,10
openb-pod-0517,32000,65536,4,1000,A10,LS,Running,0,20,10
openb-pod-0518,16000,65536,0,0,,LS,Running,0,20,10
openb-pod-0519,16000,32768,1,1000,A10,LS,Running,0,20,10
openb-pod-0520,32000,524288,2,1000,A100,LS,Running,0,20,10
openb-pod-0521,16000,65536,0,0,,LS,Running,0,20,10
openb-pod-0522,32000,65536,4,1000,A10,LS,Running,0,20,10
openb-pod-0523,8000,32768,1,1000,A10,LS,Running,0,20,10
openb-pod-0524,32000,131072,1,500,A100,LS,Running,0,20,10
openb-pod-0525,12000,65536,0,0,,LS,Running,0,20,10
openb-pod-0526,32000,131072,1,500,A100,LS,Running,0,20,10
openb-pod-0527,12000,65536,0,0,,LS,Running,0,20,10
openb-pod-0528,32000,131072,1,500,A100,LS,Running,0,20,10
openb-pod-0529,16000,32768,1,1000,A10,LS,Running,0,20,10
openb-pod-0530,32000,131072,1,500,A100,LS,Running,0,20,10
openb-pod-0531,8000,32768,1,1000,A10,LS,Running,0,20,10
openb-pod-0532,16000,32768,1,1000,A10,LS,Running,0,20,10
openb-pod-0533,16000,32768,1,1000,A10,LS,Running,0,20,10
openb-pod-0534,8000,32768,1,1000,A10,LS,Running,0,20,10
openb-pod-0535,16000,32768,1,1000,A10,LS,Running,0,20,10
openb-pod-0536,32000,131072,1,500,A100,LS,Running,0,20,10
openb-pod-0537,8000,12288,1,666,A10,LS,Running,0,20,10
openb-pod-0538,32000,524288,2,1000,A100,LS,Running,0,20,10
openb-pod-0539,16000,32768,1,1000,A10,LS,Running,0,20,10
openb-pod-0540,32000,131072,1,500,A100,LS,Running,0,20,10
openb-pod-0541,12000,65536,0,0,,LS,Running,0,20,10
openb-pod-0542,32000,131072,1,500,A100,LS,Running,0,20,10
openb-pod-0543,8000,32768,1,1000,A10,LS,Running,0,20,10
openb-pod-0544,32000,131072,1,500,A100,LS,Running,0,20,10
openb-pod-0545,16000,65536,0,0,,LS,Running,0,20,10
openb-pod-0546,8000,32768,1,1000,A10,LS,Running,0,20,10
openb-pod-0547,12000,65536,0,0,,LS,Running,0,20,10
openb-pod-0548,12000,65536,0,0,,LS,Running,0,20,10
openb-pod-0549,32000,131072,1,500,A100,LS,Running,0,20,10
openb-pod-0550,16000,65536,0,0,,LS,Running,0,20,10
openb-pod-0551,16000,32768,1,1000,A10,LS,Running,0,20,10
openb-pod-0552,12000,65536,0,0,,LS,Running,0,20,10
openb-pod-0553,32000,65536,4,1000,A10,LS,Running,0,20,10
openb-pod-0554,16000,65536,0,0,,LS,Running,0,20,10
openb-pod-0555,32000,131072,1,500,A100,LS,Running,0,20,10
openb-pod-0556,32000,131072,1,500,A100,LS,Running,0,20,10
openb-pod-0557,12000,65536,0,0,,LS,Running,0,20,10
openb-pod-0558,12000,65536,0,0,,LS,Running,0,20,10
openb-pod-0559,32000,131072,1,500,A100,LS,Running,0,20,10
openb-pod-0560,8000,32768,1,1000,A10,LS,Running,0,20,10
openb-pod-0561,16000,32768,1,1000,A10,LS,Running,0,20,10
openb-pod-0562,16000,32768,1,1000,A10,LS,Running,0,20,10
openb-pod-0563,16000,40960,2,1000,A10,LS,Running,0,20,10
openb-pod-0564,16000,65536,0,0,,LS,Running,0,20,10
openb-pod-0565,12000,65536,0,0,,LS,Running,0,20,10
openb-pod-0566,16000,65536,0,0,,LS,Running,0,20,10
openb-pod-0567,12000,65536,0,0,,LS,Running,0,20,10
openb-pod-0568,12000,65536,0,0,,LS,Running,0,20,10
openb-pod-0569,8000,12288,1,666,A10,LS,Running,0,20,10
openb-pod-0570,32000,131072,1,500,A100,LS,Running,0,20,10
openb-pod-0571,8000,32768,1,1000,A10,LS,Running,0,20,10
openb-pod-0572,8000,12288,1,666,A10,LS,Running,0,20,10
openb-pod-0573,16000,32768,1,1000,A10,LS,Running,0,20,10
openb-pod-0574,12000,65536,0,0,,LS,Running,0,20,10
openb-pod-0575,16000,32768,1,1000,A10,LS,Running,0,20,10
openb-pod-0576,12000,65536,0,0,,LS,Running,0,20,10
openb-pod-0577,16000,32768,1,1000,A10,LS,Running,0,20,10
openb-pod-0578,32000,131072,1,500,A100,LS,Running,0,20,10
openb-pod-0579,16000,32768,1,1000,A10,LS,Running,0,20,10
openb-pod-0580,12000,65536,0,0,,LS,Running,0,20,10
openb-pod-0581,8000,32768,1,1000,A10,LS,Running,0,20,10
openb-pod-0582,16000,65536,0,0,,LS,Running,0,20,10
openb-pod-0583,16000,32768,1,1000,A10,LS,Running,0,20,10
openb-pod-0584,16000,32768,1,1000,A10,LS,Running,0,20,10
openb-pod-0585,32000,131072,1,500,A100,LS,Running,0,20,10
openb-pod-0586,32000,131072,1,500,A100,LS,Running,0,20,10
openb-pod-0587,12000,65536,0,0,,LS,Running,0,20,10
openb-pod-0588,16000,65536,0,0,,LS,Running,0,20,10
openb-pod-0589,16000,32768,1,1000,A10,LS,Running,0,20,10
openb-pod-0590,8000,12288,1,666,A10,LS,Running,0,20,10
openb-pod-0591,8000,32768,1,1000,A10,LS,Running,0,20,10
openb-pod-0592,16000,32768,1,1000,A10,LS,Running,0,20,10
openb-pod-0593,16000,32768,1,1000,A10,LS,Running,0,20,10
openb-pod-0594,16000,65536,0,0,,LS,Running,0,20,10
openb-pod-0595,8000,12288,1,666,A10,LS,Running,0,20,10
openb-pod-0596,32000,131072,1,500,A100,LS,Running,0,20,10
openb-pod-0597,16000,65536,0,0,,LS,Running,0,20,10
openb-pod-0598,16000,65536,0,0,,LS,Running,0,20,10
openb-pod-0599,32000,131072,1,500,A100,LS,Running,0,20,10
openb-pod-0600,8000,32768,1,1000,A10,LS,Running,0,20,10
openb-pod-0601,32000,131072,1,500,A100,LS,Running,0,20,10
openb-pod-0602,32000,131072,1,500,A100,LS,Running,0,20,10
openb-pod-0603,8000,32768,1,1000,A10,LS,Running,0,20,10
openb-pod-0604,8000,12288,1,666,A10,LS,Running,0,20,10
openb-pod-0605,12000,65536,0,0,,LS,Running,0,20,10
openb-pod-0606,16000,32768,1,1000,A10,LS,Running,0,20,10
openb-pod-0607,32000,131072,1,500,A100,LS,Running,0,20,10
openb-pod-0608,16000,32768,1,1000,A10,LS,Running,0,20,10
openb-pod-0609,16000,32768,1,1000,A10,LS,Running,0,20,10
openb-pod-0610,8000,32768,1,1000,A10,LS,Running,0,20,10
openb-pod-0611,16000,65536,0,0,,LS,Running,0,20,10
openb-pod-0612,8000,32768,1,1000,A10,LS,Running,0,20,10
openb-pod-0613,16000,32768,1,1000,A10,LS,Running,0,20,10
openb-pod-0614,8000,32768,1,1000,A10,LS,Running,0,20,10
openb-pod-0615,12000,65536,0,0,,LS,Running,0,20,10
openb-pod-0616,16000,32768,1,1000,A10,LS,Running,0,20,10
openb-pod-0617,12000,65536,0,0,,LS,Running,0,20,10
openb-pod-0618,8000,32768,1,1000,A10,LS,Running,0,20,10
openb-pod-0619,8000,32768,1,1000,A10,LS,Running,0,20,10
openb-pod-0620,12000,65536,0,0,,LS,Running,0,20,10
openb-pod-0621,32000,131072,1,500,A100,LS,Running,0,20,10
openb-pod-0622,12000,65536,0,0,,LS,Running,0,20,10
openb-pod-0623,8000,12288,1,666,A10,LS,Running,0,20,10
openb-pod-0624,12000,65536,0,0,,LS,Running,0,20,10
openb-pod-0625,8000,32768,1,1000,A10,LS,Running,0,20,10
openb-pod-0626,8000,32768,1,1000,A10,LS,Running,0,20,10
openb-pod-0627,12000,65536,0,0,,LS,Running,0,20,10
openb-pod-0628,32000,131072,1,500,A100,LS,Running,0,20,10
openb-pod-0629,32000,65536,4,1000,A10,LS,Running,0,20,10
openb-pod-0630,16000,32768,1,1000,A10,LS,Running,0,20,10
openb-pod-0631,16000,32768,1,1000,A10,LS,Running,0,20,10
openb-pod-0632,16000,65536,0,0,,LS,Running,0,20,10
openb-pod-0633,16000,65536,0,0,,LS,Running,0,20,10
openb-pod-0634,8000,32768,1,1000,A10,LS,Running,0,20,10
openb-pod-0635,32000,65536,4,1000,A10,LS,Running,0,20,10
openb-pod-0636,16000,32768,1,1000,A10,LS,Running,0,20,10
openb-pod-0637,16000,32768,1,1000,A10,LS,Running,0,20,10
openb-pod-0638,16000,32768,1,1000,A10,LS,Running,0,20,10
openb-pod-0639,16000,65536,0,0,,LS,Running,0,20,10
openb-pod-0640,8000,32768,1,1000,A10,LS,Running,0,20,10
openb-pod-0641,32000,131072,1,500,A100,LS,Running,0,20,10
openb-pod-0642,16000,65536,0,0,,LS,Running,0,20,10
openb-pod-0643,8000,32768,1,1000,A10,LS,Running,0,20,10
openb-pod-0644,12000,65536,0,0,,LS,Running,0,20,10
openb-pod-0645,8000,12288,1,666,A10,LS,Running,0,20,10
openb-pod-0646,16000,32768,1,1000,A10,LS,Running,0,20,10
openb-pod-0647,32000,524288,2,1000,A100,LS,Running,0,20,10
openb-pod-0648,32000,65536,4,1000,A10,LS,Running,0,20,10
openb-pod-0649,16000,65536,0,0,,LS,Running,0,20,10
openb-pod-0650,8000,32768,1,1000,A10,LS,Running,0,20,10
openb-pod-0651,16000,32768,1,1000,A10,LS,Running,0,20,10
openb-pod-0652,32000,131072,1,500,A100,LS,Running,0,20,10
openb-pod-0653,16000,65536,0,0,,LS,Running,0,20,10
openb-pod-0654,32000,131072,1,500,A100,LS,Running,0,20,10
openb-pod-0655,16000,65536,0,0,,LS,Running,0,20,10
openb-pod-0656,32000,65536,4,1000,A10,LS,Running,0,20,10
openb-pod-0657,12000,65536,0,0,,LS,Running,0,20,10
openb-pod-0658,8000,32768,1,1000,A10,LS,Running,0,20,10
openb-pod-0659,16000,65536,0,0,,LS,Running,0,20,10
openb-pod-0660,8000,12288,1,666,A10,LS,Running,0,20,10
openb-pod-0661,32000,131072,1,500,A100,LS,Running,0,20,10
openb-pod-0662,8000,32768,1,1000,A10,LS,Running,0,20,10
openb-pod-0663,16000,40960,2,1000,A10,LS,Running,0,20,10
openb-pod-0664,12000,65536,0,0,,LS,Running,0,20,10
openb-pod-0665,32000,131072,1,500,A100,LS,Running,0,20,10
openb-pod-0666,32000,131072,1,500,A100,LS,Running,0,20,10
openb-pod-0667,12000,65536,0,0,,LS,Running,0,20,10
openb-pod-0668,16000,32768,1,1000,A10,LS,Running,0,20,10
openb-pod-0669,12000,65536,0,0,,LS,Running,0,20,10
openb-pod-0670,16000,65536,0,0,,LS,Running,0,20,10
openb-pod-0671,16000,65536,0,0,,LS,Running,0,20,10
openb-pod-0672,32000,131072,1,500,A100,LS,Running,0,20,10
openb-pod-0673,32000,524288,2,1000,A100,LS,Running,0,20,10
openb-pod-0674,12000,65536,0,0,,LS,Running,0,20,10
openb-pod-0675,8000,32768,1,1000,A10,LS,Running,0,20,10
openb-pod-0676,32000,131072,1,500,A100,LS,Running,0,20,10
openb-pod-0677,8000,12288,1,666,A10,LS,Running,0,20,10
openb-pod-0678,16000,40960,2,1000,A10,LS,Running,0,20,10
openb-pod-0679,32000,131072,1,500,A100,LS,Running,0,20,10
openb-pod-0680,16000,65536,0,0,,LS,Running,0,20,10
openb-pod-0681,16000,32768,1,1000,A10,LS,Running,0,20,10
openb-pod-0682,8000,32768,1,1000,A10,LS,Running,0,20,10
openb-pod-0683,16000,32768,1,1000,A10,LS,Running,0,20,10
openb-pod-0684,8000,32768,1,1000,A10,LS,Running,0,20,10
openb-pod-0685,16000,65536,0,0,,LS,Running,0,20,10
openb-pod-0686,16000,32768,1,1000,A10,LS,Running,0,20,10
openb-pod-0687,16000,32768,1,1000,A10,LS,Running,0,20,10
openb-pod-0688,8000,32768,1,1000,A10,LS,Running,0,20,10
openb-pod-0689,12000,65536,0,0,,LS,Running,0,20,10
openb-pod-0690,16000,12288,1,666,A10,LS,Running,0,20,10
openb-pod-0691,16000,40960,2,1000,A10,LS,Running,0,20,10
openb-pod-0692,16000,40960,2,1000,A10,LS,Running,0,20,10
openb-pod-0693,16000,40960,2,1000,A10,LS,Running,0,20,10
openb-pod-0694,8000,32768,1,1000,A10,LS,Running,0,20,10
openb-pod-0695,32000,131072,1,500,A100,LS,Running,0,20,10
openb-pod-0696,32000,131072,1,500,A100,LS,Running,0,20,10
openb-pod-0697,32000,131072,1,500,A100,LS,Running,0,20,10
openb-pod-0698,16000,65536,0,0,,LS,Running,0,20,10
openb-pod-0699,8000,32768,1,1000,A10,LS,Running,0,20,10
openb-pod-0700,12000,65536,0,0,,LS,Running,0,20,10
openb-pod-0701,32000,131072,1,500,A100,LS,Running,0,20,10
openb-pod-0702,32000,524288,2,1000,A100,LS,Running,0,20,10
openb-pod-0703,12000,65536,0,0,,LS,Running,0,20,10
openb-pod-0704,16000,40960,2,1000,A10,LS,Running,0,20,10
openb-pod-0705,8000,12288,1,666,A10,LS,Running,0,20,10
openb-pod-0706,16000,65536,0,0,,LS,Running,0,20,10
openb-pod-0707,12000,65536,0,0,,LS,Running,0,20,10
openb-pod-0708,16000,32768,1,1000,A10,LS,Running,0,20,10
openb-pod-0709,32000,65536,4,1000,A10,LS,Running,0,20,10
openb-pod-0710,16000,32768,1,1000,A10,LS,Running,0,20,10
openb-pod-0711,16000,65536,0,0,,LS,Running,0,20,10
openb-pod-0712,32000,131072,1,500,A100,LS,Running,0,20,10
openb-pod-0713,16000,32768,1,1000,A10,LS,Running,0,20,10
openb-pod-0714,16000,65536,0,0,,LS,Running,0,20,10
openb-pod-0715,16000,32768,1,1000,A10,LS,Running,0,20,10
openb-pod-0716,8000,12288,1,666,A10,LS,Running,0,20,10
openb-pod-0717,16000,65536,0,0,,LS,Running,0,20,10
openb-pod-0718,16000,65536,0,0,,LS,Running,0,20,10
openb-pod-0719,32000,131072,1,500,A100,LS,Running,0,20,10
openb-pod-0720,12000,65536,0,0,,LS,Running,0,20,10
openb-pod-0721,32000,524288,2,1000,A100,LS,Running,0,20,10
openb-pod-0722,12000,65536,0,0,,LS,Running,0,20,10
openb-pod-0723,32000,65536,4,1000,A10,LS,Running,0,20,10
openb-pod-0724,16000,65536,0,0,,LS,Running,0,20,10
openb-pod-0725,16000,32768,1,1000,A10,LS,Running,0,20,10
openb-pod-0726,8000,32768,1,1000,A10,LS,Running,0,20,10
openb-pod-0727,8000,32768,1,1000,A10,LS,Running,0,20,10
openb-pod-0728,32000,131072,1,500,A100,LS,Running,0,20,10
openb-pod-0729,16000,12288,1,666,A10,LS,Running,0,20,10
openb-pod-0730,32000,131072,1,500,A100,LS,Running,0,20,10
openb-pod-0731,16000,40960,2,1000,A10,LS,Running,0,20,10
openb-pod-0732,16000,65536,0,0,,LS,Running,0,20,10
openb-pod-0733,16000,65536,0,0,,LS,Running,0,20,10
openb-pod-0734,8000,12288,1,666,A10,LS,Running,0,20,10
openb-pod-0735,32000,65536,4,1000,A10,LS,Running,0,20,10
openb-pod-0736,12000,65536,0,0,,LS,Running,0,20,10
openb-pod-0737,16000,32768,1,1000,A10,LS,Running,0,20,10
openb-pod-0738,32000,131072,1,500,A100,LS,Running,0,20,10
openb-pod-0739,12000,65536,0,0,,LS,Running,0,20,10
openb-pod-0740,12000,65536,0,0,,LS,Running,0,20,10
openb-pod-0741,32000,131072,1,500,A100,LS,Running,0,20,10
openb-pod-0742,8000,32768,1,1000,A10,LS,Running,0,20,10
openb-pod-0743,16000,32768,1,1000,A10,LS,Running,0,20,10
openb-pod-0744,16000,32768,1,1000,A10,LS,Running,0,20,10
openb-pod-0745,16000,32768,1,1000,A10,LS,Running,0,20,10
openb-pod-0746,8000,32768,1,1000,A10,LS,Running,0,20,10
openb-pod-0747,16000,40960,2,1000,A10,LS,Running,0,20,10
openb-pod-0748,16000,32768,1,1000,A10,LS,Running,0,20,10
openb-pod-0749,16000,32768,1,1000,A10,LS,Running,0,20,10
openb-pod-0750,32000,65536,4,1000,A10,LS,Running,0,20,10
openb-pod-0751,12000,65536,0,0,,LS,Running,0,20,10
openb-pod-0752,32000,131072,1,500,A100,LS,Running,0,20,10
openb-pod-0753,8000,32768,1,1000,A10,LS,Running,0,20,10
openb-pod-0754,12000,65536,0,0,,LS,Running,0,20,10
openb-pod-0755,12000,65536,0,0,,LS,Running,0,20,10
openb-pod-0756,12000,65536,0,0,,LS,Running,0,20,10
openb-pod-0757,16000,40960,2,1000,A10,LS,Running,0,20,10
openb-pod-0758,12000,65536,0,0,,LS,Running,0,20,10
openb-pod-0759,16000,40960,2,1000,A10,LS,Running,0,20,10
openb-pod-0760,16000,65536,0,0,,LS,Running,0,20,10
openb-pod-0761,16000,40960,2,1000,A10,LS,Running,0,20,10
openb-pod-0762,8000,32768,1,1000,A10,LS,Running,0,20,10
openb-pod-0763,16000,32768,1,1000,A10,LS,Running,0,20,10
openb-pod-0764,8000,32768,1,1000,A10,LS,Running,0,20,10
openb-pod-0765,16000,32768,1,1000,A10,LS,Running,0,20,10
openb-pod-0766,32000,131072,1,500,A100,LS,Running,0,20,10
openb-pod-0767,8000,32768,1,1000,A10,LS,Running,0,20,10
openb-pod-0768,16000,65536,0,0,,LS,Running,0,20,10
openb-pod-0769,32000,131072,1,500,A100,LS,Running,0,20,10
openb-pod-0770,8000,12288,1,666,A10,LS,Running,0,20,10
openb-pod-0771,32000,524288,2,1000,A100,LS,Running,0,20,10
openb-pod-0772,16000,32768,1,1000,A10,LS,Running,0,20,10
openb-pod-0773,16000,32768,1,1000,A10,LS,Running,0,20,10
openb-pod-0774,8000,32768,1,1000,A10,LS,Running,0,20,10
openb-pod-0775,16000,40960,2,1000,A10,LS,Running,0,20,10
openb-pod-0776,12000,65536,0,0,,LS,Running,0,20,10
openb-pod-0777,16000,32768,1,1000,A10,LS,Running,0,20,10
openb-pod-0778,12000,65536,0,0,,LS,Running,0,20,10
openb-pod-0779,16000,65536,0,0,,LS,Running,0,20,10
openb-pod-0780,16000,40960,2,1000,A10,LS,Running,0,20,10
openb-pod-0781,8000,12288,1,666,A10,LS,Running,0,20,10
openb-pod-0782,16000,32768,1,1000,A10,LS,Running,0,20,10
openb-pod-0783,8000,12288,1,666,A10,LS,Running,0,20,10
openb-pod-0784,8000,32768,1,1000,A10,LS,Running,0,20,10
openb-pod-0785,16000,32768,1,1000,A10,LS,Running,0,20,10
openb-pod-0786,16000,32768,1,1000,A10,LS,Running,0,20,10
openb-pod-0787,16000,32768,1,1000,A10,LS,Running,0,20,10
openb-pod-0788,32000,524288,2,1000,A100,LS,Running,0,20,10
openb-pod-0789,12000,65536,0,0,,LS,Running,0,20,10
openb-pod-0790,12000,65536,0,0,,LS,Running,0,20,10
openb-pod-0791,12000,65536,0,0,,LS,Running,0,20,10
openb-pod-0792,16000,65536,0,0,,LS,Running,0,20,10
openb-pod-0793,32000,65536,4,1000,A10,LS,Running,0,20,10
openb-pod-0794,32000,131072,1,500,A100,LS,Running,0,20,10
openb-pod-0795,16000,32768,1,1000,A10,LS,Running,0,20,10
openb-pod-0796,32000,40960,2,1000,A10,LS,Running,0,20,10
openb-pod-0797,32000,131072,1,500,A100,LS,Running,0,20,10
openb-pod-0798,16000,65536,0,0,,LS,Running,0,20,10
openb-pod-0799,8000,12288,1,666,A10,LS,Running,0,20,10
openb-pod-0800,16000,32768,1,1000,A10,LS,Running,0,20,10
openb-pod-0801,32000,131072,1,500,A100,LS,Running,0,20,10
openb-pod-0802,12000,65536,0,0,,LS,Running,0,20,10
openb-pod-0803,16000,32768,1,1000,A10,LS,Running,0,20,10
openb-pod-0804,32000,65536,4,1000,A10,LS,Running,0,20,10
openb-pod-0805,16000,65536,0,0,,LS,Running,0,20,10
openb-pod-0806,32000,524288,2,1000,A100,LS,Running,0,20,10
openb-pod-0807,16000,65536,0,0,,LS,Running,0,20,10
openb-pod-0808,8000,12288,1,666,A10,LS,Running,0,20,10
openb-pod-0809,16000,32768,1,1000,A10,LS,Running,0,20,10
openb-pod-0810,12000,65536,0,0,,LS,Running,0,20,10
openb-pod-0811,32000,131072,1,500,A100,LS,Running,0,20,10
openb-pod-0812,8000,32768,1,1000,A10,LS,Running,0,20,10
openb-pod-0813,32000,65536,4,1000,A10,LS,Running,0,20,10
openb-pod-0814,8000,32768,1,1000,A10,LS,Running,0,20,10
openb-pod-0815,16000,32768,1,1000,A10,LS,Running,0,20,10
openb-pod-0816,16000,40960,2,1000,A10,LS,Running,0,20,10
openb-pod-0817,16000,65536,0,0,,LS,Running,0,20,10
openb-pod-0818,16000,32768,1,1000,A10,LS,Running,0,20,10
openb-pod-0819,12000,65536,0,0,,LS,Running,0,20,10
openb-pod-0820,8000,32768,1,1000,A10,LS,Running,0,20,10
openb-pod-0821,12000,65536,0,0,,LS,Running,0,20,10
openb-pod-0822,12000,65536,0,0,,LS,Running,0,20,10
openb-pod-0823,12000,65536,0,0,,LS,Running,0,20,10
openb-pod-0824,32000,131072,1,500,A100,LS,Running,0,20,10
openb-pod-0825,12000,65536,0,0,,LS,Running,0,20,10
openb-pod-0826,12000,65536,0,0,,LS,Running,0,20,10
openb-pod-0827,16000,32768,1,1000,A10,LS,Running,0,20,10
openb-pod-0828,32000,524288,2,1000,A100,LS,Running,0,20,10
openb-pod-0829,32000,524288,2,1000,A100,LS,Running,0,20,10
openb-pod-0830,12000,65536,0,0,,LS,Running,0,20,10
openb-pod-0831,16000,32768,1,1000,A10,LS,Running,0,20,10
openb-pod-0832,32000,524288,2,1000,A100,LS,Running,0,20,10
openb-pod-0833,16000,65536,0,0,,LS,Running,0,20,10
openb-pod-0834,12000,65536,0,0,,LS,Running,0,20,10
openb-pod-0835,16000,40960,2,1000,A10,LS,Running,0,20,10
openb-pod-0836,12000,65536,0,0,,LS,Running,0,20,10
openb-pod-0837,16000,65536,0,0,,LS,Running,0,20,10
openb-pod-0838,8000,32768,1,1000,A10,LS,Running,0,20,10
openb-pod-0839,32000,131072,1,500,A100,LS,Running,0,20,10
openb-pod-0840,32000,524288,2,1000,A100,LS,Running,0,20,10
openb-pod-0841,16000,65536,0,0,,LS,Running,0,20,10
openb-pod-0842,32000,131072,1,500,A100,LS,Running,0,20,10
openb-pod-0843,8000,32768,1,1000,A10,LS,Running,0,20,10
openb-pod-0844,16000,32768,1,1000,A10,LS,Running,0,20,10
openb-pod-0845,12000,65536,0,0,,LS,Running,0,20,10
openb-pod-0846,16000,65536,0,0,,LS,Running,0,20,10
openb-pod-0847,12000,65536,0,0,,LS,Running,0,20,10
openb-pod-0848,16000,32768,1,1000,A10,LS,Running,0,20,10
openb-pod-0849,8000,32768,1,1000,A10,LS,Running,0,20,10
openb-pod-0850,12000,65536,0,0,,LS,Running,0,20,10
openb-pod-0851,32000,131072,1,500,A100,LS,Running,0,20,10
openb-pod-0852,16000,65536,0,0,,LS,Running,0,20,10
openb-pod-0853,16000,32768,1,1000,A10,LS,Running,0,20,10
openb-pod-0854,12000,65536,0,0,,LS,Running,0,20,10
openb-pod-0855,16000,65536,0,0,,LS,Running,0,20,10
openb-pod-0856,16000,65536,0,0,,LS,Running,0,20,10
openb-pod-0857,16000,65536,0,0,,LS,Running,0,20,10
openb-pod-0858,16000,65536,0,0,,LS,Running,0,20,10
openb-pod-0859,8000,12288,1,666,A10,LS,Running,0,20,10
openb-pod-0860,32000,131072,1,500,A100,LS,Running,0,20,10
openb-pod-0861,32000,131072,1,500,A100,LS,Running,0,20,10
openb-pod-0862,8000,32768,1,1000,A10,LS,Running,0,20,10
openb-pod-0863,8000,12288,1,666,A10,LS,Running,0,20,10
openb-pod-0864,12000,65536,0,0,,LS,Running,0,20,10
openb-pod-0865,32000,65536,4,1000,A10,LS,Running,0,20,10
openb-pod-0866,8000,32768,1,1000,A10,LS,Running,0,20,10
openb-pod-0867,16000,40960,2,1000,A10,LS,Running,0,20,10
openb-pod-0868,16000,32768,1,1000,A10,LS,Running,0,20,10
openb-pod-0869,8000,12288,1,666,A10,LS,Running,0,20,10
openb-pod-0870,16000,65536,0,0,,LS,Running,0,20,10
openb-pod-0871,16000,65536,0,0,,LS,Running,0,20,10
openb-pod-0872,32000,65536,4,1000,A10,LS,Running,0,20,10
openb-pod-0873,16000,65536,0,0,,LS,Running,0,20,10
openb-pod-0874,16000,32768,1,1000,A10,LS,Running,0,20,10
openb-pod-0875,8000,12288,1,666,A10,LS,Running,0,20,10
openb-pod-0876,16000,32768,1,1000,A10,LS,Running,0,20,10
openb-pod-0877,32000,40960,2,1000,A10,LS,Running,0,20,10
openb-pod-0878,32000,131072,1,500,A100,LS,Running,0,20,10
openb-pod-0879,16000,65536,0,0,,LS,Running,0,20,10
openb-pod-0880,16000,65536,0,0,,LS,Running,0,20,10
openb-pod-0881,32000,65536,4,1000,A10,LS,Running,0,20,10
openb-pod-0882,32000,131072,1,500,A100,LS,Running,0,20,10
openb-pod-0883,16000,32768,1,1000,A10,LS,Running,0,20,10
openb-pod-0884,16000,65536,0,0,,LS,Running,0,20,10
openb-pod-0885,32000,131072,1,500,A100,LS,Running,0,20,10
openb-pod-0886,12000,65536,0,0,,LS,Running,0,20,10
openb-pod-0887,8000,32768,1,1000,A10,LS,Running,0,20,10
openb-pod-0888,8000,12288,1,666,A10,LS,Running,0,20,10
openb-pod-0889,32000,131072,1,500,A100,LS,Running,0,20,10
openb-pod-0890,8000,32768,1,1000,A10,LS,Running,0,20,10
openb-pod-0891,32000,131072,1,500,A100,LS,Running,0,20,10
openb-pod-0892,16000,65536,0,0,,LS,Running,0,20,10
openb-pod-0893,32000,524288,2,1000,A100,LS,Running,0,20,10
openb-pod-0894,32000,131072,1,500,A100,LS,Running,0,20,10
openb-pod-0895,32000,131072,1,500,A100,LS,Running,0,20,10
openb-pod-0896,12000,65536,0,0,,LS,Running,0,20,10
openb-pod-0897,32000,131072,1,500,A100,LS,Running,0,20,10
openb-pod-0898,16000,32768,1,1000,A10,LS,Running,0,20,10
openb-pod-0899,32000,524288,2,1000,A100,LS,Running,0,20,10
openb-pod-0900,32000,131072,1,500,A100,LS,Running,0,20,10
openb-pod-0901,32000,524288,2,1000,A100,LS,Running,0,20,10
openb-pod-0902,32000,131072,1,500,A100,LS,Running,0,20,10
openb-pod-0903,32000,40960,2,1000,A10,LS,Running,0,20,10
openb-pod-0904,16000,65536,0,0,,LS,Running,0,20,10
openb-pod-0905,16000,65536,0,0,,LS,Running,0,20,10
openb-pod-0906,32000,131072,1,500,A100,LS,Running,0,20,10
openb-pod-0907,12000,65536,0,0,,LS,Running,0,20,10
openb-pod-0908,16000,65536,0,0,,LS,Running,0,20,10
openb-pod-0909,32000,131072,1,500,A100,LS,Running,0,20,10
openb-pod-0910,16000,32768,1,1000,A10,LS,Running,0,20,10
openb-pod-0911,16000,65536,0,0,,LS,Running,0,20,10
openb-pod-0912,32000,131072,1,500,A100,LS,Running,0,20,10
openb-pod-0913,32000,131072,1,500,A100,LS,Running,0,20,10
openb-pod-0914,16000,65536,0,0,,LS,Running,0,20,10
openb-pod-0915,16000,40960,2,1000,A10,LS,Running,0,20,10
openb-pod-0916,16000,65536,0,0,,LS,Running,0,20,10
openb-pod-0917,8000,12288,1,666,A10,LS,Running,0,20,10
openb-pod-0918,16000,32768,1,1000,A10,LS,Running,0,20,10
openb-pod-0919,12000,65536,0,0,,LS,Running,0,20,10
openb-pod-0920,32000,524288,2,1000,A100,LS,Running,0,20,10
openb-pod-0921,32000,131072,1,500,A100,LS,Running,0,20,10
openb-pod-0922,16000,65536,0,0,,LS,Running,0,20,10
openb-pod-0923,8000,12288,1,666,A10,LS,Running,0,20,10
openb-pod-0924,16000,32768,1,1000,A10,LS,Running,0,20,10
openb-pod-0925,32000,65536,4,1000,A10,LS,Running,0,20,10
openb-pod-0926,8000,32768,1,1000,A10,LS,Running,0,20,10
openb-pod-0927,16000,65536,0,0,,LS,Running,0,20,10
openb-pod-0928,16000,32768,1,1000,A10,LS,Running,0,20,10
openb-pod-0929,32000,65536,4,1000,A10,LS,Running,0,20,10
openb-pod-0930,12000,65536,0,0,,LS,Running,0,20,10
openb-pod-0931,16000,32768,1,1000,A10,LS,Running,0,20,10
openb-pod-0932,32000,65536,4,1000,A10,LS,Running,0,20,10
openb-pod-0933,16000,40960,2,1000,A10,LS,Running,0,20,10
openb-pod-0934,16000,12288,1,666,A10,LS,Running,0,20,10
openb-pod-0935,32000,40960,2,1000,A10,LS,Running,0,20,10
openb-pod-0936,16000,65536,0,0,,LS,Running,0,20,10
openb-pod-0937,32000,131072,1,500,A100,LS,Running,0,20,10
openb-pod-0938,8000,32768,1,1000,A10,LS,Running,0,20,10
openb-pod-0939,16000,32768,1,1000,A10,LS,Running,0,20,10
openb-pod-0940,16000,40960,2,1000,A10,LS,Running,0,20,10
openb-pod-0941,12000,65536,0,0,,LS,Running,0,20,10
openb-pod-0942,16000,32768,1,1000,A10,LS,Running,0,20,10
openb-pod-0943,16000,65536,0,0,,LS,Running,0,20,10
openb-pod-0944,16000,65536,0,0,,LS,Running,0,20,10
openb-pod-0945,8000,12288,1,666,A10,LS,Running,0,20,10
openb-pod-0946,16000,32768,1,1000,A10,LS,Running,0,20,10
openb-pod-0947,12000,65536,0,0,,LS,Running,0,20,10
openb-pod-0948,16000,65536,0,0,,LS,Running,0,20,10
openb-pod-0949,32000,65536,4,1000,A10,LS,Running,0,20,10
openb-pod-0950,8000,12288,1,666,A10,LS,Running,0,20,10
openb-pod-0951,16000,65536,0,0,,LS,Running,0,20,10
openb-pod-0952,32000,65536,4,1000,A10,LS,Running,0,20,10
openb-pod-0953,8000,32768,1,1000,A10,LS,Running,0,20,10
openb-pod-0954,12000,65536,0,0,,LS,Running,0,20,10
openb-pod-0955,12000,65536,0,0,,LS,Running,0,20,10
openb-pod-0956,16000,32768,1,1000,A10,LS,Running,0,20,10
openb-pod-0957,16000,32768,1,1000,A10,LS,Running,0,20,10
openb-pod-0958,16000,32768,1,1000,A10,LS,Running,0,20,10
openb-pod-0959,32000,131072,1,500,A100,LS,Running,0,20,10
openb-pod-0960,8000,12288,1,666,A10,LS,Running,0,20,10
openb-pod-0961,32000,131072,1,500,A100,LS,Running,0,20,10
openb-pod-0962,16000,32768,1,1000,A10,LS,Running,0,20,10
openb-pod-0963,32000,65536,4,1000,A10,LS,Running,0,20,10
openb-pod-0964,16000,65536,0,0,,LS,Running,0,20,10
openb-pod-0965,16000,12288,1,666,A10,LS,Running,0,20,10
openb-pod-0966,16000,32768,1,1000,A10,LS,Running,0,20,10
openb-pod-0967,16000,32768,1,1000,A10,LS,Running,0,20,10
openb-pod-0968,16000,32768,1,1000,A10,LS,Running,0,20,10
openb-pod-0969,16000,65536,0,0,,LS,Running,0,20,10
openb-pod-0970,8000,32768,1,1000,A10,LS,Running,0,20,10
openb-pod-0971,8000,32768,1,1000,A10,LS,Running,0,20,10
openb-pod-0972,32000,65536,4,1000,A10,LS,Running,0,20,10
openb-pod-0973,16000,32768,1,1000,A10,LS,Running,0,20,10
openb-pod-0974,32000,131072,1,500,A100,LS,Running,0,20,10
openb-pod-0975,12000,65536,0,0,,LS,Running,0,20,10
openb-pod-0976,16000,65536,0,0,,LS,Running,0,20,10
openb-pod-0977,16000,65536,0,0,,LS,Running,0,20,10
openb-pod-0978,16000,65536,0,0,,LS,Running,0,20,10
openb-pod-0979,32000,524288,2,1000,A100,LS,Running,0,20,10
openb-pod-0980,16000,32768,1,1000,A10,LS,Running,0,20,10
openb-pod-0981,16000,32768,1,1000,A10,LS,Running,0,20,10
openb-pod-0982,16000,65536,0,0,,LS,Running,0,20,10
openb-pod-0983,16000,65536,0,0,,LS,Running,0,20,10
openb-pod-0984,32000,131072,1,500,A100,LS,Running,0,20,10
openb-pod-0985,8000,12288,1,666,A10,LS,Running,0,20,10
openb-pod-0986,16000,40960,2,1000,A10,LS,Running,0,20,10
openb-pod-0987,16000,65536,0,0,,LS,Running,0,20,10
openb-pod-0988,12000,65536,0,0,,LS,Running,0,20,10
openb-pod-0989,32000,131072,1,500,A100,LS,Running,0,20,10
openb-pod-0990,32000,131072,1,500,A100,LS,Running,0,20,10
openb-pod-0991,8000,32768,1,1000,A10,LS,Running,0,20,10
openb-pod-0992,32000,131072,1,500,A100,LS,Running,0,20,10
openb-pod-0993,16000,32768,1,1000,A10,LS,Running,0,20,10
openb-pod-0994,12000,65536,0,0,,LS,Running,0,20,10
